{
  "summary_by_category": {
    "belt": {
      "n": 3,
      "canvas_w": {
        "min": 1200,
        "max": 1200,
        "mean": 1200,
        "median": 1200,
        "stdev": 0.0
      },
      "canvas_h": {
        "min": 820,
        "max": 820,
        "mean": 820,
        "median": 820,
        "stdev": 0.0
      },
      "bbox_aspect": {
        "min": 1.2684659090909092,
        "max": 1.635499207606973,
        "mean": 1.4521491287338095,
        "median": 1.4524822695035462,
        "stdev": 0.14984090183029655
      },
      "fill_w": {
        "min": 0.7441666666666666,
        "max": 0.86,
        "mean": 0.8191666666666667,
        "median": 0.8533333333333334,
        "stdev": 0.05310280037255483
      },
      "fill_h": {
        "min": 0.7695121951219512,
        "max": 0.8597560975609756,
        "mean": 0.8292682926829268,
        "median": 0.8585365853658536,
        "stdev": 0.04225687478021486
      },
      "fill_area": {
        "min": 0.6388943089430894,
        "max": 0.7336585365853658,
        "mean": 0.6781111111111111,
        "median": 0.6617804878048781,
        "stdev": 0.04037393262437913
      },
      "bbox_cx": {
        "min": 0.5,
        "max": 0.5004166666666666,
        "mean": 0.5001388888888889,
        "median": 0.5,
        "stdev": 0.0001964185503295749
      },
      "bbox_cy": {
        "min": 0.5,
        "max": 0.500609756097561,
        "mean": 0.5004065040650406,
        "median": 0.500609756097561,
        "stdev": 0.0002874417809701415
      }
    },
    "pants": {
      "n": 3,
      "canvas_w": {
        "min": 720,
        "max": 720,
        "mean": 720,
        "median": 720,
        "stdev": 0.0
      },
      "canvas_h": {
        "min": 1200,
        "max": 1200,
        "mean": 1200,
        "median": 1200,
        "stdev": 0.0
      },
      "bbox_aspect": {
        "min": 0.4920353982300885,
        "max": 0.6053571428571428,
        "mean": 0.548098398651496,
        "median": 0.5469026548672566,
        "stdev": 0.04627113429722673
      },
      "fill_w": {
        "min": 0.7722222222222223,
        "max": 0.9416666666666667,
        "mean": 0.8574074074074074,
        "median": 0.8583333333333333,
        "stdev": 0.06917850312723275
      },
      "fill_h": {
        "min": 0.9333333333333333,
        "max": 0.9416666666666667,
        "mean": 0.9388888888888889,
        "median": 0.9416666666666667,
        "stdev": 0.003928371006591917
      },
      "fill_area": {
        "min": 0.727175925925926,
        "max": 0.8788888888888889,
        "mean": 0.8047762345679013,
        "median": 0.8082638888888889,
        "stdev": 0.06198563587502819
      },
      "bbox_cx": {
        "min": 0.5,
        "max": 0.5,
        "mean": 0.5,
        "median": 0.5,
        "stdev": 0.0
      },
      "bbox_cy": {
        "min": 0.5,
        "max": 0.5,
        "mean": 0.5,
        "median": 0.5,
        "stdev": 0.0
      }
    },
    "shirt": {
      "n": 3,
      "canvas_w": {
        "min": 900,
        "max": 900,
        "mean": 900,
        "median": 900,
        "stdev": 0.0
      },
      "canvas_h": {
        "min": 1080,
        "max": 1080,
        "mean": 1080,
        "median": 1080,
        "stdev": 0.0
      },
      "bbox_aspect": {
        "min": 0.7660818713450293,
        "max": 0.9478935698447893,
        "mean": 0.8521133244031743,
        "median": 0.8423645320197044,
        "stdev": 0.07454373500410756
      },
      "fill_w": {
        "min": 0.8733333333333333,
        "max": 0.95,
        "mean": 0.9244444444444444,
        "median": 0.95,
        "stdev": 0.03614101326064576
      },
      "fill_h": {
        "min": 0.8351851851851851,
        "max": 0.95,
        "mean": 0.9083333333333333,
        "median": 0.9398148148148148,
        "stdev": 0.051890417756664226
      },
      "fill_area": {
        "min": 0.793425925925926,
        "max": 0.892824074074074,
        "mean": 0.8386388888888889,
        "median": 0.8296666666666667,
        "stdev": 0.04107207926336334
      },
      "bbox_cx": {
        "min": 0.5,
        "max": 0.5005555555555555,
        "mean": 0.5003703703703704,
        "median": 0.5005555555555555,
        "stdev": 0.00026189140043945063
      },
      "bbox_cy": {
        "min": 0.47962962962962963,
        "max": 0.48009259259259257,
        "mean": 0.47978395061728396,
        "median": 0.47962962962962963,
        "stdev": 0.0002182428336995422
      }
    },
    "shoes": {
      "n": 3,
      "canvas_w": {
        "min": 1100,
        "max": 1100,
        "mean": 1100,
        "median": 1100,
        "stdev": 0.0
      },
      "canvas_h": {
        "min": 480,
        "max": 480,
        "mean": 480,
        "median": 480,
        "stdev": 0.0
      },
      "bbox_aspect": {
        "min": 2.36046511627907,
        "max": 2.546341463414634,
        "mean": 2.462997284284283,
        "median": 2.482185273159145,
        "stdev": 0.0770871294657829
      },
      "fill_w": {
        "min": 0.9227272727272727,
        "max": 0.95,
        "mean": 0.9406060606060606,
        "median": 0.9490909090909091,
        "stdev": 0.01264765863921769
      },
      "fill_h": {
        "min": 0.8541666666666666,
        "max": 0.8958333333333334,
        "mean": 0.8756944444444444,
        "median": 0.8770833333333333,
        "stdev": 0.017038672425535164
      },
      "fill_area": {
        "min": 0.8106818181818182,
        "max": 0.8332291666666667,
        "mean": 0.8235069444444445,
        "median": 0.8266098484848485,
        "stdev": 0.009462795254302226
      },
      "bbox_cx": {
        "min": 0.5004545454545455,
        "max": 0.5009090909090909,
        "mean": 0.5006060606060606,
        "median": 0.5004545454545455,
        "stdev": 0.0002142747821777038
      },
      "bbox_cy": {
        "min": 0.5520833333333334,
        "max": 0.5729166666666666,
        "mean": 0.5621527777777777,
        "median": 0.5614583333333333,
        "stdev": 0.008519336212767539
      }
    }
  },
  "targets_from_reference": {
    "belt": {
      "category": "belt",
      "bbox_aspect": 1.4524822695035462,
      "fill_long_edge": 0.8597560975609756,
      "bbox_cx": 0.5,
      "bbox_cy": 0.500609756097561
    },
    "pants": {
      "category": "pants",
      "bbox_aspect": 0.6053571428571428,
      "fill_long_edge": 0.9416666666666667,
      "bbox_cx": 0.5,
      "bbox_cy": 0.5
    },
    "shirt": {
      "category": "shirt",
      "bbox_aspect": 0.8423645320197044,
      "fill_long_edge": 0.95,
      "bbox_cx": 0.5005555555555555,
      "bbox_cy": 0.48009259259259257
    },
    "shoes": {
      "category": "shoes",
      "bbox_aspect": 2.546341463414634,
      "fill_long_edge": 0.9490909090909091,
      "bbox_cx": 0.5009090909090909,
      "bbox_cy": 0.5729166666666666
    }
  }
}