{
  "summary_by_category": {
    "belt": {
      "n": 3,
      "canvas_w": {
        "min": 410,
        "max": 1200,
        "mean": 818.3333333333334,
        "median": 845,
        "stdev": 323.0669005364403
      },
      "canvas_h": {
        "min": 410,
        "max": 1200,
        "mean": 866.6666666666666,
        "median": 990,
        "stdev": 334.09912035535535
      },
      "bbox_aspect": {
        "min": 1.266025641025641,
        "max": 1.6352765321375187,
        "mean": 1.4507999925181256,
        "median": 1.4510978043912175,
        "stdev": 0.1507461921369
      },
      "fill_w": {
        "min": 0.8603550295857988,
        "max": 0.9634146341463414,
        "mean": 0.9118121101329356,
        "median": 0.9116666666666666,
        "stdev": 0.042074033071838705
      },
      "fill_h": {
        "min": 0.5060606060606061,
        "max": 0.7609756097560976,
        "mean": 0.6081787386055679,
        "median": 0.5575,
        "stdev": 0.11006563401672875
      },
      "fill_area": {
        "min": 0.43539178769948,
        "max": 0.7331350386674599,
        "mean": 0.5589269976778688,
        "median": 0.5082541666666667,
        "stdev": 0.1267242747760211
      },
      "bbox_cx": {
        "min": 0.49416666666666664,
        "max": 0.5106508875739645,
        "mean": 0.5020123554785844,
        "median": 0.501219512195122,
        "stdev": 0.006752966512787666
      },
      "bbox_cy": {
        "min": 0.5,
        "max": 0.646969696969697,
        "mean": 0.5655176767676767,
        "median": 0.5495833333333333,
        "stdev": 0.06104888987444867
      }
    },
    "pants": {
      "n": 3,
      "canvas_w": {
        "min": 736,
        "max": 1200,
        "mean": 1045.3333333333333,
        "median": 1200,
        "stdev": 218.73169764703871
      },
      "canvas_h": {
        "min": 1308,
        "max": 1800,
        "mean": 1536,
        "median": 1500,
        "stdev": 202.46481175750023
      },
      "bbox_aspect": {
        "min": 0.4919148936170213,
        "max": 0.6058032554847842,
        "mean": 0.5480734022383247,
        "median": 0.5465020576131687,
        "stdev": 0.046508003506055336
      },
      "fill_w": {
        "min": 0.5533333333333333,
        "max": 0.7853260869565217,
        "mean": 0.6839975845410629,
        "median": 0.7133333333333334,
        "stdev": 0.09695565670731389
      },
      "fill_h": {
        "min": 0.675,
        "max": 0.942,
        "mean": 0.8384393476044852,
        "median": 0.8983180428134556,
        "stdev": 0.11693685933000074
      },
      "fill_area": {
        "min": 0.3735,
        "max": 0.7054725934051322,
        "mean": 0.5836441978017107,
        "median": 0.67196,
        "stdev": 0.14922290123944967
      },
      "bbox_cx": {
        "min": 0.49320652173913043,
        "max": 0.5033333333333333,
        "mean": 0.4988466183574879,
        "median": 0.5,
        "stdev": 0.00421392890116285
      },
      "bbox_cy": {
        "min": 0.49966666666666665,
        "max": 0.5103211009174312,
        "mean": 0.5036070336391437,
        "median": 0.5008333333333334,
        "stdev": 0.004771394089837598
      }
    },
    "shirt": {
      "n": 3,
      "canvas_w": {
        "min": 640,
        "max": 1200,
        "mean": 965.6666666666666,
        "median": 1057,
        "stdev": 237.56589729074238
      },
      "canvas_h": {
        "min": 748,
        "max": 1255,
        "mean": 1067.6666666666667,
        "median": 1200,
        "stdev": 227.15095323497007
      },
      "bbox_aspect": {
        "min": 0.7656702025072324,
        "max": 0.948051948051948,
        "mean": 0.8519844087521306,
        "median": 0.8422310756972111,
        "stdev": 0.07477575768587254
      },
      "fill_w": {
        "min": 0.6616666666666666,
        "max": 1.0,
        "mean": 0.8580555555555556,
        "median": 0.9125,
        "stdev": 0.1433887705023404
      },
      "fill_h": {
        "min": 0.8235294117647058,
        "max": 1.0,
        "mean": 0.8958986928104575,
        "median": 0.8641666666666666,
        "stdev": 0.07545708820435783
      },
      "fill_area": {
        "min": 0.5717902777777778,
        "max": 1.0,
        "mean": 0.774420288671024,
        "median": 0.7514705882352941,
        "stdev": 0.1755674763236355
      },
      "bbox_cx": {
        "min": 0.5,
        "max": 0.5158333333333334,
        "mean": 0.5052777777777778,
        "median": 0.5,
        "stdev": 0.007463904912524684
      },
      "bbox_cy": {
        "min": 0.4786096256684492,
        "max": 0.5045833333333334,
        "mean": 0.4943976530005942,
        "median": 0.5,
        "stdev": 0.011319543317982662
      }
    },
    "shoes": {
      "n": 3,
      "canvas_w": {
        "min": 600,
        "max": 1200,
        "mean": 827.6666666666666,
        "median": 683,
        "stdev": 265.45097894380086
      },
      "canvas_h": {
        "min": 512,
        "max": 1200,
        "mean": 837.3333333333334,
        "median": 800,
        "stdev": 282.1126646493481
      },
      "bbox_aspect": {
        "min": 2.2263513513513513,
        "max": 2.5085470085470085,
        "mean": 2.37236577092598,
        "median": 2.3821989528795813,
        "stdev": 0.11541552707650643
      },
      "fill_w": {
        "min": 0.7583333333333333,
        "max": 0.9783333333333334,
        "mean": 0.9005091914755166,
        "median": 0.9648609077598829,
        "stdev": 0.10068385352696063
      },
      "fill_h": {
        "min": 0.2925,
        "max": 0.578125,
        "mean": 0.39631944444444445,
        "median": 0.31833333333333336,
        "stdev": 0.1289878167397369
      },
      "fill_area": {
        "min": 0.24140277777777777,
        "max": 0.5578102122986823,
        "mean": 0.3617918300254867,
        "median": 0.2861625,
        "stdev": 0.13980525222633355
      },
      "bbox_cx": {
        "min": 0.49833333333333335,
        "max": 0.5,
        "mean": 0.49916666666666665,
        "median": 0.49916666666666665,
        "stdev": 0.0006804138174397648
      },
      "bbox_cy": {
        "min": 0.47265625,
        "max": 0.73375,
        "mean": 0.57046875,
        "median": 0.505,
        "stdev": 0.11620988050989899
      }
    }
  },
  "targets_from_reference": {
    "belt": {
      "category": "belt",
      "bbox_aspect": 1.4510978043912175,
      "fill_long_edge": 0.8603550295857988,
      "bbox_cx": 0.5106508875739645,
      "bbox_cy": 0.646969696969697
    },
    "pants": {
      "category": "pants",
      "bbox_aspect": 0.6058032554847842,
      "fill_long_edge": 0.942,
      "bbox_cx": 0.5033333333333333,
      "bbox_cy": 0.49966666666666665
    },
    "shirt": {
      "category": "shirt",
      "bbox_aspect": 0.8422310756972111,
      "fill_long_edge": 1.0,
      "bbox_cx": 0.5,
      "bbox_cy": 0.5
    },
    "shoes": {
      "category": "shoes",
      "bbox_aspect": 2.5085470085470085,
      "fill_long_edge": 0.9783333333333334,
      "bbox_cx": 0.49916666666666665,
      "bbox_cy": 0.73375
    }
  }
}