{
  "summary_by_category": {
    "belt": {
      "n": 4,
      "canvas_w": {
        "min": 400,
        "max": 1200,
        "mean": 1000,
        "median": 1200.0,
        "stdev": 346.41016151377545
      },
      "canvas_h": {
        "min": 400,
        "max": 820,
        "mean": 715,
        "median": 820.0,
        "stdev": 181.86533479473212
      },
      "bbox_aspect": {
        "min": 1.2684659090909092,
        "max": 1.635499207606973,
        "mean": 1.4841334915720021,
        "median": 1.516284424795063,
        "stdev": 0.14109649284969097
      },
      "fill_w": {
        "min": 0.7441666666666666,
        "max": 0.9125,
        "mean": 0.8425,
        "median": 0.8566666666666667,
        "stdev": 0.06122306664067792
      },
      "fill_h": {
        "min": 0.5775,
        "max": 0.8597560975609756,
        "mean": 0.7663262195121952,
        "median": 0.8140243902439024,
        "stdev": 0.11499715789849894
      },
      "fill_area": {
        "min": 0.52696875,
        "max": 0.7336585365853658,
        "mean": 0.6403255208333334,
        "median": 0.6503373983739837,
        "stdev": 0.07420103317736697
      },
      "bbox_cx": {
        "min": 0.5,
        "max": 0.50375,
        "mean": 0.5010416666666666,
        "median": 0.5002083333333334,
        "stdev": 0.0015728821740147575
      },
      "bbox_cy": {
        "min": 0.5,
        "max": 0.53375,
        "mean": 0.5087423780487805,
        "median": 0.500609756097561,
        "stdev": 0.014440303054349546
      }
    },
    "pants": {
      "n": 4,
      "canvas_w": {
        "min": 720,
        "max": 1078,
        "mean": 809.5,
        "median": 720.0,
        "stdev": 155.0185472774145
      },
      "canvas_h": {
        "min": 1200,
        "max": 2206,
        "mean": 1451.5,
        "median": 1200.0,
        "stdev": 435.6107781035726
      },
      "bbox_aspect": {
        "min": 0.485494106980961,
        "max": 0.6053571428571428,
        "mean": 0.5324473257338622,
        "median": 0.5194690265486726,
        "stdev": 0.04838007495119514
      },
      "fill_w": {
        "min": 0.7722222222222223,
        "max": 0.9935064935064936,
        "mean": 0.891432178932179,
        "median": 0.8999999999999999,
        "stdev": 0.08403751664067738
      },
      "fill_h": {
        "min": 0.9333333333333333,
        "max": 1.0,
        "mean": 0.9541666666666666,
        "median": 0.9416666666666667,
        "stdev": 0.02667968432263687
      },
      "fill_area": {
        "min": 0.727175925925926,
        "max": 0.9935064935064936,
        "mean": 0.8519587993025494,
        "median": 0.843576388888889,
        "stdev": 0.0977765183259327
      },
      "bbox_cx": {
        "min": 0.4967532467532468,
        "max": 0.5,
        "mean": 0.4991883116883117,
        "median": 0.5,
        "stdev": 0.0014058853957539474
      },
      "bbox_cy": {
        "min": 0.5,
        "max": 0.5,
        "mean": 0.5,
        "median": 0.5,
        "stdev": 0.0
      }
    },
    "shirt": {
      "n": 4,
      "canvas_w": {
        "min": 600,
        "max": 900,
        "mean": 825,
        "median": 900.0,
        "stdev": 129.9038105676658
      },
      "canvas_h": {
        "min": 600,
        "max": 1080,
        "mean": 960,
        "median": 1080.0,
        "stdev": 207.84609690826528
      },
      "bbox_aspect": {
        "min": 0.7660818713450293,
        "max": 1.1450381679389312,
        "mean": 0.9253445352871136,
        "median": 0.8951290509322469,
        "stdev": 0.14232359981343887
      },
      "fill_w": {
        "min": 0.8733333333333333,
        "max": 1.0,
        "mean": 0.9433333333333334,
        "median": 0.95,
        "stdev": 0.04527692569068709
      },
      "fill_h": {
        "min": 0.8351851851851851,
        "max": 0.95,
        "mean": 0.8995833333333333,
        "median": 0.906574074074074,
        "stdev": 0.04742519468827566
      },
      "fill_area": {
        "min": 0.793425925925926,
        "max": 0.892824074074074,
        "mean": 0.8473125,
        "median": 0.8514999999999999,
        "stdev": 0.038611932875503276
      },
      "bbox_cx": {
        "min": 0.5,
        "max": 0.5005555555555555,
        "mean": 0.5002777777777778,
        "median": 0.5002777777777778,
        "stdev": 0.0002777777777777657
      },
      "bbox_cy": {
        "min": 0.47962962962962963,
        "max": 0.5,
        "mean": 0.48483796296296294,
        "median": 0.47986111111111107,
        "stdev": 0.008755846322410735
      }
    },
    "shoes": {
      "n": 4,
      "canvas_w": {
        "min": 1094,
        "max": 1100,
        "mean": 1098.5,
        "median": 1100.0,
        "stdev": 2.598076211353316
      },
      "canvas_h": {
        "min": 480,
        "max": 879,
        "mean": 579.75,
        "median": 480.0,
        "stdev": 172.77206805499551
      },
      "bbox_aspect": {
        "min": 2.069868995633188,
        "max": 2.546341463414634,
        "mean": 2.364715212121509,
        "median": 2.4213251947191075,
        "stdev": 0.18285217054435476
      },
      "fill_w": {
        "min": 0.8665447897623401,
        "max": 0.95,
        "mean": 0.9220907428951305,
        "median": 0.9359090909090909,
        "stdev": 0.033888396562845556
      },
      "fill_h": {
        "min": 0.5210466439135382,
        "max": 0.8958333333333334,
        "mean": 0.7870324943117178,
        "median": 0.865625,
        "stdev": 0.1542743059376149
      },
      "fill_area": {
        "min": 0.45151025450642973,
        "max": 0.8332291666666667,
        "mean": 0.7305077719599408,
        "median": 0.8186458333333333,
        "stdev": 0.16128762078636424
      },
      "bbox_cx": {
        "min": 0.5004545454545455,
        "max": 0.5027422303473492,
        "mean": 0.5011401030413828,
        "median": 0.5006818181818182,
        "stdev": 0.000943418904772647
      },
      "bbox_cy": {
        "min": 0.5335608646188851,
        "max": 0.5729166666666666,
        "mean": 0.5550047994880546,
        "median": 0.5567708333333333,
        "stdev": 0.014412324518296505
      }
    }
  },
  "targets_from_reference": {
    "belt": {
      "category": "belt",
      "bbox_aspect": 1.4524822695035462,
      "fill_long_edge": 0.8597560975609756,
      "bbox_cx": 0.5,
      "bbox_cy": 0.500609756097561
    },
    "pants": {
      "category": "pants",
      "bbox_aspect": 0.6053571428571428,
      "fill_long_edge": 0.9416666666666667,
      "bbox_cx": 0.5,
      "bbox_cy": 0.5
    },
    "shirt": {
      "category": "shirt",
      "bbox_aspect": 0.8423645320197044,
      "fill_long_edge": 0.95,
      "bbox_cx": 0.5005555555555555,
      "bbox_cy": 0.48009259259259257
    },
    "shoes": {
      "category": "shoes",
      "bbox_aspect": 2.546341463414634,
      "fill_long_edge": 0.9490909090909091,
      "bbox_cx": 0.5009090909090909,
      "bbox_cy": 0.5729166666666666
    }
  }
}